uid,src_ip,dst_ip,predicted_label,actual_label,ts,service,flow_duration,fwd_pkts_tot,bwd_pkts_tot,fwd_data_pkts_tot,bwd_data_pkts_tot,fwd_pkts_per_sec,bwd_pkts_per_sec,flow_pkts_per_sec,down_up_ratio,fwd_header_size_tot,fwd_header_size_min,fwd_header_size_max,bwd_header_size_tot,bwd_header_size_min,bwd_header_size_max,flow_FIN_flag_count,flow_SYN_flag_count,flow_RST_flag_count,fwd_PSH_flag_count,bwd_PSH_flag_count,flow_ACK_flag_count,payload_bytes_per_second,fwd_init_window_size,bwd_init_window_size,fwd_last_window_size,bwd_last_window_size,traffic_direction,attack,attack_type
b_C9j1Li3AIJriUqkk95,192.168.100.49,192.168.100.218,1,0,2023-07-05 09:13:53.090558976,http,0.461111,11.0,10.0,4.0,4.0,23.855424,21.686749,45.542173,0.909091,360.0,32.0,40.0,328.0,32.0,40.0,2.0,2.0,0.0,4.0,4.0,20.0,17314.700387,64896.0,64320.0,502.0,502.0,client->server,0,benign
b_C327Mt3zl7SiFYt88b,192.168.100.104,192.168.100.218,1,0,2023-07-05 16:56:36.956992000,http,0.038008,10.0,10.0,3.0,7.0,263.10268,263.10268,526.205361,1.0,340.0,32.0,44.0,328.0,32.0,40.0,2.0,2.0,0.0,3.0,7.0,19.0,532730.307257,64896.0,64320.0,502.0,502.0,client->server,0,benign
b_CIfGt0148i1dDmP3r3,192.168.100.31,151.101.65.164,1,0,2023-07-21 04:18:46.510808832,ssl,0.072578,7.0,6.0,1.0,2.0,96.448021,82.669733,179.117754,0.857143,232.0,32.0,40.0,200.0,32.0,40.0,2.0,2.0,0.0,1.0,2.0,12.0,64248.160571,64896.0,65535.0,502.0,285.0,client->internet,0,benign
b_C3IiEW2yorbIw6xTDi,192.168.100.104,192.168.100.218,1,0,2023-07-21 20:00:36.394920192,ssl,0.064556,8.0,7.0,3.0,3.0,123.923639,108.433184,232.356823,0.875,264.0,32.0,40.0,232.0,32.0,40.0,2.0,2.0,0.0,3.0,3.0,14.0,31894.846625,64896.0,64320.0,502.0,502.0,client->server,0,benign
b_CfxeNy4P71Oo72l6M7,192.168.100.31,192.168.100.218,1,0,2023-07-19 00:54:44.842760192,http,0.536887,12.0,12.0,6.0,5.0,22.351075,22.351075,44.70215,1.0,392.0,32.0,40.0,392.0,32.0,40.0,2.0,2.0,0.0,6.0,5.0,23.0,21950.618149,64896.0,64320.0,502.0,502.0,client->server,0,benign
b_CwOvumoOYVnjx03p5,192.168.100.115,192.168.100.218,1,0,2023-07-07 21:02:17.150039808,http,0.782712,13.0,13.0,6.0,6.0,16.608919,16.608919,33.217838,1.0,424.0,32.0,40.0,424.0,32.0,40.0,2.0,2.0,0.0,6.0,6.0,25.0,16534.817769,64896.0,64320.0,502.0,502.0,client->server,0,benign
b_Cm0cCv16X0d3zohvh8,192.168.100.104,192.168.100.218,1,0,2023-07-08 19:24:40.763281152,http,0.552451,12.0,11.0,5.0,4.0,21.721388,19.911272,41.632659,0.916667,392.0,32.0,40.0,360.0,32.0,40.0,2.0,2.0,0.0,5.0,4.0,22.0,17579.842991,64896.0,64320.0,502.0,502.0,client->server,0,benign
b_CAk5no3Zycliudgdva,192.168.100.115,192.168.100.218,1,0,2023-07-05 03:38:13.293479936,ssl,10.337854,10.0,9.0,3.0,6.0,0.967319,0.870587,1.837906,0.9,328.0,32.0,40.0,296.0,32.0,40.0,2.0,2.0,0.0,3.0,6.0,18.0,3127.631667,64896.0,64320.0,502.0,502.0,client->server,0,benign
b_CoTz0534PNvwb29yNi,192.168.100.115,192.168.100.218,1,0,2023-07-05 16:57:43.957395200,http,0.57351,13.0,12.0,5.0,5.0,22.667437,20.923788,43.591224,0.923077,424.0,32.0,40.0,392.0,32.0,40.0,2.0,2.0,0.0,5.0,5.0,24.0,18217.644412,64896.0,64320.0,502.0,502.0,client->server,0,benign
b_CFCSPd2nyuMx4jZhTf,192.168.100.104,192.168.100.218,1,0,2023-07-19 09:42:28.759453952,http,0.29261,7.0,6.0,2.0,2.0,23.922633,20.505114,44.427747,0.857143,232.0,32.0,40.0,200.0,32.0,40.0,2.0,2.0,0.0,2.0,2.0,12.0,18167.531086,64896.0,64320.0,502.0,502.0,client->server,0,benign
b_CIdJPz4nGWxgf4rp2g,192.168.100.31,192.168.100.218,1,0,2023-07-08 04:52:14.012449024,http,0.388291,11.0,10.0,4.0,4.0,28.329277,25.753888,54.083165,0.909091,360.0,32.0,40.0,328.0,32.0,40.0,2.0,2.0,0.0,4.0,4.0,20.0,19822.767813,64896.0,64320.0,502.0,502.0,client->server,0,benign
b_Cu6u1UbuBoe4h3As,192.168.100.23,192.168.100.218,1,0,2023-07-08 07:21:32.357711104,http,0.829379,14.0,14.0,6.0,6.0,16.880103,16.880103,33.760205,1.0,456.0,32.0,40.0,456.0,32.0,40.0,2.0,2.0,0.0,6.0,6.0,27.0,15721.404163,64896.0,64320.0,502.0,502.0,client->server,0,benign
b_CWwBz1165qy2T4rjX6,192.168.100.31,192.168.100.218,1,0,2023-07-18 18:52:44.686451968,http,0.088982,7.0,6.0,2.0,2.0,78.667503,67.429288,146.096791,0.857143,232.0,32.0,40.0,200.0,32.0,40.0,2.0,2.0,0.0,2.0,2.0,12.0,22858.528624,64896.0,64320.0,503.0,502.0,client->server,0,benign
b_C2yayFDpDRBoF6QTh,192.168.100.104,192.168.100.218,1,0,2023-07-18 14:22:12.453438976,ssl,0.022431,7.0,6.0,3.0,3.0,312.069556,267.488191,579.557747,0.857143,232.0,32.0,40.0,200.0,32.0,40.0,0.0,2.0,1.0,3.0,3.0,12.0,113414.993049,64896.0,64320.0,502.0,502.0,client->server,0,benign
b_Cd25J41Z2fHuhw5EL2,192.168.100.49,192.168.100.218,1,0,2023-07-21 22:55:49.329972992,http,1.078314,11.0,11.0,5.0,4.0,10.20111,10.20111,20.402219,1.0,360.0,32.0,40.0,360.0,32.0,40.0,2.0,2.0,0.0,5.0,4.0,21.0,10259.534165,64896.0,64320.0,502.0,502.0,client->server,0,benign
b_CfKOjGnlyAIpnmVoi,192.168.100.99,192.168.100.218,1,0,2023-07-18 18:40:53.160235008,ssl,0.025604,10.0,9.0,3.0,5.0,390.563828,351.507445,742.071272,0.9,328.0,32.0,40.0,296.0,32.0,40.0,2.0,2.0,0.0,3.0,5.0,18.0,769840.360403,64896.0,64320.0,502.0,502.0,client->server,0,benign
b_CkZkGd2fWbe1Fws4Ij,192.168.100.104,192.168.100.189,1,0,2023-09-12 22:55:14.093595136,ftp-data,0.017445,4.0,4.0,0.0,2.0,229.290912,229.290912,458.581823,1.0,136.0,32.0,40.0,136.0,32.0,40.0,2.0,2.0,0.0,0.0,2.0,7.0,225908.87063,64896.0,64320.0,502.0,503.0,client->server,0,benign
b_CfciyBzINBpiD0YOa,192.168.100.99,192.168.100.218,1,0,2023-07-18 15:00:27.787802880,http,0.49514,9.0,9.0,4.0,3.0,18.176675,18.176675,36.353349,1.0,296.0,32.0,40.0,296.0,32.0,40.0,2.0,2.0,0.0,4.0,3.0,17.0,15248.210296,64896.0,64320.0,502.0,502.0,client->server,0,benign
b_C9o52f1aU4WypK9Bkd,192.168.100.23,192.168.100.218,1,0,2023-07-21 09:51:26.942404864,http,0.251351,8.0,7.0,3.0,2.0,31.827987,27.849488,59.677475,0.875,264.0,32.0,40.0,232.0,32.0,40.0,2.0,2.0,0.0,3.0,2.0,14.0,27129.380016,64896.0,64320.0,503.0,502.0,client->server,0,benign
b_CP637w4PRmR4MrYyg2,192.168.100.49,192.168.100.218,1,0,2023-07-21 22:11:56.869545984,http,0.628717,13.0,13.0,6.0,5.0,20.677031,20.677031,41.354063,1.0,424.0,32.0,40.0,424.0,32.0,40.0,2.0,2.0,0.0,6.0,5.0,25.0,17620.011798,64896.0,64320.0,502.0,502.0,client->server,0,benign
b_CCsq7Hw8cyFALHhdg,192.168.100.49,192.168.100.189,1,0,2023-09-12 21:31:37.881305856,ftp-data,0.004107,3.0,3.0,0.0,1.0,730.460467,730.460467,1460.920933,1.0,104.0,32.0,40.0,104.0,32.0,40.0,2.0,2.0,0.0,0.0,1.0,5.0,92281.505631,64896.0,64320.0,505.0,503.0,client->server,0,benign
b_CGF4HU1doZoTbbNEck,192.168.100.23,192.168.100.218,1,0,2023-07-18 21:08:32.071154944,http,0.530398999,9.0,10.0,4.0,4.0,16.968363,18.853736,35.822099,1.111111,296.0,32.0,40.0,328.0,32.0,40.0,2.0,2.0,0.0,4.0,4.0,18.0,18751.92618,64896.0,64320.0,502.0,502.0,client->server,0,benign
b_CCkH7M3Z9PvbD1nAvk,192.168.100.49,192.168.100.218,1,0,2023-07-19 04:15:07.882135040,http,0.902638,14.0,14.0,7.0,6.0,15.51009,15.51009,31.020181,1.0,456.0,32.0,40.0,456.0,32.0,40.0,2.0,2.0,0.0,7.0,6.0,27.0,14803.273388,64896.0,64320.0,502.0,502.0,client->server,0,benign
b_CGvjPA4ZKVDe9e0yA1,192.168.100.99,192.168.100.218,1,0,2023-07-21 16:28:26.769505024,ssl,0.012281,7.0,6.0,3.0,3.0,569.988895,488.56191,1058.550806,0.857143,232.0,32.0,40.0,200.0,32.0,40.0,0.0,2.0,1.0,3.0,3.0,12.0,269279.039565,64896.0,64320.0,502.0,502.0,client->server,0,benign
b_CxoLkk4QTn6P84UEg,192.168.100.115,192.168.100.218,1,0,2023-07-19 01:48:28.578882048,http,0.537716,13.0,14.0,7.0,6.0,24.176335,26.036053,50.212388,1.076923,424.0,32.0,40.0,456.0,32.0,40.0,2.0,2.0,0.0,7.0,6.0,26.0,24860.711214,64896.0,64320.0,502.0,502.0,client->server,0,benign
b_Chds5b4IkJj0diDZGl,192.168.100.31,192.168.100.218,1,0,2023-07-08 04:28:51.239854080,http,0.504822,9.0,9.0,4.0,3.0,17.828066,17.828066,35.656131,1.0,296.0,32.0,40.0,296.0,32.0,40.0,2.0,2.0,0.0,4.0,3.0,17.0,16532.559475,64896.0,64320.0,502.0,502.0,client->server,0,benign
b_CT8Ugj115tjabh8LMb,192.168.100.49,192.168.100.218,1,0,2023-07-05 13:04:12.884824064,http,0.269079,9.0,9.0,4.0,3.0,33.44743,33.44743,66.89486,1.0,296.0,32.0,40.0,296.0,32.0,40.0,2.0,2.0,0.0,4.0,3.0,17.0,34852.222013,64896.0,64320.0,502.0,502.0,client->server,0,benign
b_C5NqXB36yI6qfLgZU6,192.168.100.99,192.168.100.218,1,0,2023-07-08 04:07:08.503334144,http,0.24507,10.0,10.0,5.0,4.0,40.804671,40.804671,81.609343,1.0,328.0,32.0,40.0,328.0,32.0,40.0,2.0,2.0,0.0,5.0,4.0,19.0,39388.749187,64896.0,64320.0,502.0,502.0,client->server,0,benign
b_CK1y5XZP1nkWmh1Bi,192.168.100.49,192.168.100.218,1,0,2023-07-20 19:35:21.745886976,http,0.376582,13.0,12.0,6.0,5.0,34.521042,31.865578,66.38662,0.923077,424.0,32.0,40.0,392.0,32.0,40.0,2.0,2.0,0.0,6.0,5.0,24.0,26966.245069,64896.0,64320.0,502.0,502.0,client->server,0,benign
b_CjvyRr2L01treumWr1,192.168.100.104,192.168.100.218,1,0,2023-07-18 19:53:31.188685056,http,0.447615,12.0,12.0,5.0,5.0,26.808744,26.808744,53.617489,1.0,392.0,32.0,40.0,392.0,32.0,40.0,2.0,2.0,0.0,5.0,5.0,23.0,22436.684897,64896.0,64320.0,502.0,502.0,client->server,0,benign
b_CFD8I04JjEP6LFRnc1,192.168.100.31,192.168.100.218,1,0,2023-07-05 16:50:43.522496000,ssl,0.27018,10.0,11.0,4.0,6.0,37.012364,40.7136,77.725964,1.1,328.0,32.0,40.0,360.0,32.0,40.0,2.0,2.0,0.0,4.0,6.0,20.0,51354.654934,64896.0,64320.0,502.0,502.0,client->server,0,benign
b_Cl7swH39nn7r0ySs2f,192.168.100.104,192.168.100.218,1,0,2023-07-21 21:09:03.338390016,http,0.587465,15.0,15.0,7.0,6.0,25.533444,25.533444,51.066889,1.0,488.0,32.0,40.0,488.0,32.0,40.0,2.0,2.0,0.0,7.0,6.0,29.0,21904.290766,64896.0,64320.0,502.0,502.0,client->server,0,benign
b_CHWjkh2hCI6m337bSe,192.168.100.31,151.101.65.164,1,0,2023-07-21 04:18:46.508939008,ssl,0.071607,7.0,6.0,1.0,2.0,97.755977,83.790838,181.546815,0.857143,232.0,32.0,40.0,200.0,32.0,40.0,2.0,2.0,0.0,1.0,2.0,12.0,65119.44607,64896.0,65535.0,502.0,285.0,client->internet,0,benign
b_CYCrmT2h3ziqtRnQvg,192.168.100.23,192.168.100.218,1,0,2023-07-21 12:23:12.310427904,http,0.564126,13.0,12.0,5.0,5.0,23.044497,21.271843,44.31634,0.923077,424.0,32.0,40.0,392.0,32.0,40.0,2.0,2.0,0.0,5.0,5.0,24.0,18517.139305,64896.0,64320.0,502.0,502.0,client->server,0,benign
b_CJQf1s4CXOpx34tQek,192.168.100.31,192.168.100.218,1,0,2023-07-20 10:51:23.408801024,http,0.41284,13.0,12.0,5.0,5.0,31.489205,29.066959,60.556164,0.923077,424.0,32.0,40.0,392.0,32.0,40.0,2.0,2.0,0.0,5.0,5.0,24.0,25385.143892,64896.0,64320.0,502.0,502.0,client->server,0,benign
b_CvMwCelOTEbMrNowd,192.168.100.115,192.168.100.218,1,0,2023-07-18 20:45:20.015667968,http,0.588419,13.0,12.0,5.0,5.0,22.093093,20.393624,42.486717,0.923077,424.0,32.0,40.0,392.0,32.0,40.0,2.0,2.0,0.0,5.0,5.0,24.0,18255.692572,64896.0,64320.0,502.0,502.0,client->server,0,benign
b_Ck2GX51iKPSIw0yBdf,192.168.100.31,192.168.100.218,1,0,2023-07-21 09:29:40.633660160,http,1.219964,13.0,14.0,7.0,6.0,10.656052,11.475748,22.1318,1.076923,424.0,32.0,40.0,456.0,32.0,40.0,2.0,2.0,0.0,7.0,6.0,26.0,11891.334231,64896.0,64320.0,502.0,502.0,client->server,0,benign
b_CDlpR01ZZw0VRz9LJh,192.168.100.31,192.168.100.218,1,0,2023-07-20 14:25:47.281993984,http,0.349383,11.0,11.0,5.0,4.0,31.484084,31.484084,62.968169,1.0,360.0,32.0,40.0,360.0,32.0,40.0,2.0,2.0,0.0,5.0,4.0,21.0,23535.784187,64896.0,64320.0,502.0,502.0,client->server,0,benign
b_C2N3DM2nnUeugAyood,192.168.100.49,192.168.100.218,1,0,2023-07-05 21:51:42.712508928,http,0.538613,9.0,9.0,4.0,3.0,16.709583,16.709583,33.419166,1.0,296.0,32.0,40.0,296.0,32.0,40.0,2.0,2.0,0.0,4.0,3.0,17.0,17407.672281,64896.0,64320.0,502.0,502.0,client->server,0,benign
b_CeqPRw4zlvM89hKCK4,192.168.100.99,192.168.100.218,1,0,2023-07-21 03:55:11.218981120,http,0.391742,10.0,9.0,4.0,3.0,25.527006,22.974305,48.501311,0.9,328.0,32.0,40.0,296.0,32.0,40.0,2.0,2.0,0.0,4.0,3.0,18.0,21164.440345,64896.0,64320.0,502.0,502.0,client->server,0,benign
b_CFeJAC2NyXqfeg8sia,192.168.100.115,192.168.100.218,1,0,2023-07-18 22:47:57.072344064,http,0.252212,8.0,7.0,3.0,2.0,31.719341,27.754424,59.473765,0.875,264.0,32.0,40.0,232.0,32.0,40.0,2.0,2.0,0.0,3.0,2.0,14.0,24467.506843,64896.0,64320.0,502.0,502.0,client->server,0,benign
b_CVN5o812AlYWcAjLp9,192.168.100.23,192.168.100.218,1,0,2023-07-05 07:13:10.060033024,http,0.345352,8.0,7.0,3.0,2.0,23.164775,20.269178,43.433954,0.875,264.0,32.0,40.0,232.0,32.0,40.0,2.0,2.0,0.0,3.0,2.0,14.0,12616.11581,64896.0,64320.0,503.0,502.0,client->server,0,benign
b_CxWVvXNKFPBy3H2h6,192.168.100.115,192.168.100.218,1,0,2023-07-21 19:29:26.178134016,http,0.244978,10.0,10.0,5.0,4.0,40.82,40.82,81.64,1.0,328.0,32.0,40.0,328.0,32.0,40.0,2.0,2.0,0.0,5.0,4.0,19.0,35043.970134,64896.0,64320.0,502.0,502.0,client->server,0,benign
b_CKCX5i4O84oVdJmQJ7,192.168.100.23,192.168.100.218,1,0,2023-07-05 09:37:49.826857984,http,0.652808,14.0,13.0,6.0,6.0,21.445817,19.913973,41.35979,0.928571,456.0,32.0,40.0,424.0,32.0,40.0,2.0,2.0,0.0,6.0,6.0,26.0,16646.549699,64896.0,64320.0,502.0,502.0,client->server,0,benign
b_CSzKon2vu93s6O2qmi,192.168.100.49,192.168.100.218,1,0,2023-07-20 09:22:13.452936960,ssl,0.034732,9.0,8.0,3.0,4.0,259.126259,230.334452,489.460711,0.888889,296.0,32.0,40.0,264.0,32.0,40.0,2.0,2.0,0.0,3.0,4.0,16.0,386760.337129,64896.0,64320.0,502.0,502.0,client->server,0,benign
b_CyOeavoofIgboRpdj,192.168.100.23,192.168.100.218,1,0,2023-07-05 21:42:13.324688896,http,0.281818,8.0,7.0,3.0,2.0,28.3871,24.838712,53.225812,0.875,264.0,32.0,40.0,232.0,32.0,40.0,2.0,2.0,0.0,3.0,2.0,14.0,18689.356851,64896.0,64320.0,502.0,502.0,client->server,0,benign
b_CPDa2B4RfDYQ0uI1b2,192.168.100.31,192.168.100.218,1,0,2023-07-08 05:21:08.252114944,http,0.887144,9.0,9.0,4.0,3.0,10.144913,10.144913,20.289827,1.0,296.0,32.0,40.0,296.0,32.0,40.0,2.0,2.0,0.0,4.0,3.0,17.0,9340.083652,64896.0,64320.0,502.0,502.0,client->server,0,benign
b_CN5R8G3xOZYFTYxg83,192.168.100.99,192.168.100.218,1,0,2023-07-18 14:27:50.058520064,http,0.618345,10.0,10.0,5.0,4.0,16.172201,16.172201,32.344402,1.0,328.0,32.0,40.0,328.0,32.0,40.0,2.0,2.0,0.0,5.0,4.0,19.0,15117.773515,64896.0,64320.0,502.0,502.0,client->server,0,benign
b_C08Get2RjW2EbUurN6,192.168.100.99,104.200.27.143,1,0,2023-07-18 19:30:38.724930048,ssl,0.530367,10.0,10.0,3.0,6.0,18.854872,18.854872,37.709744,1.0,328.0,32.0,40.0,328.0,32.0,40.0,2.0,2.0,0.0,3.0,6.0,19.0,15295.072217,64896.0,65160.0,502.0,502.0,client->internet,0,benign
b_CtGMaB4F6RpgExVoWj,192.168.100.115,23.206.22.237,1,0,2023-07-08 06:09:27.999855872,ssl,11.911763,7.0,8.0,2.0,3.0,0.587654,0.671605,1.259259,1.142857,232.0,32.0,40.0,264.0,32.0,40.0,2.0,2.0,0.0,2.0,3.0,14.0,66.404948,64896.0,65160.0,506.0,506.0,client->internet,0,benign
b_Cujcyr3yw1r60Efw9a,192.168.100.104,192.168.100.218,1,0,2023-07-21 12:53:47.424465920,http,0.328324,8.0,7.0,3.0,2.0,24.366169,21.320398,45.686567,0.875,264.0,32.0,40.0,232.0,32.0,40.0,2.0,2.0,0.0,3.0,2.0,14.0,16425.84366,64896.0,64320.0,502.0,502.0,client->server,0,benign
b_CdKDJI31NS8DONlXv1,192.168.100.49,192.168.100.218,1,0,2023-07-05 16:16:53.362884096,ssl,0.022671,9.0,8.0,3.0,4.0,396.983205,352.87396,749.857165,0.888889,296.0,32.0,40.0,264.0,32.0,40.0,2.0,2.0,0.0,3.0,4.0,16.0,593048.799335,64896.0,64320.0,502.0,502.0,client->server,0,benign
b_CaD7Hp4yVnJNNpLNoc,192.168.100.115,192.168.100.218,1,0,2023-07-19 03:08:40.206056192,http,0.410503,10.0,9.0,4.0,3.0,24.360363,21.924327,46.28469,0.9,328.0,32.0,40.0,296.0,32.0,40.0,2.0,2.0,0.0,4.0,3.0,18.0,17381.119148,64896.0,64320.0,502.0,502.0,client->server,0,benign
b_CqBDYx4AdMgOf6wb1g,192.168.100.49,192.168.100.218,1,0,2023-07-21 11:07:47.879995136,ssl,0.023813,9.0,8.0,3.0,4.0,377.944673,335.95082,713.895494,0.888889,296.0,32.0,40.0,264.0,32.0,40.0,2.0,2.0,0.0,3.0,4.0,16.0,401041.291963,64896.0,64320.0,502.0,502.0,client->server,0,benign
b_CUwPwXIS5B41ZKak4,192.168.100.23,192.168.100.218,1,0,2023-07-05 18:15:23.880592128,http,0.648979,12.0,13.0,6.0,5.0,18.490584,20.031466,38.522051,1.083333,392.0,32.0,40.0,424.0,32.0,40.0,2.0,2.0,0.0,6.0,5.0,24.0,16667.720923,64896.0,64320.0,502.0,502.0,client->server,0,benign
b_CbL0VL2gDwW1yIfnE4,192.168.100.49,192.168.100.218,1,0,2023-07-21 20:12:57.004399104,http,0.54816,14.0,14.0,7.0,6.0,25.539996,25.539996,51.079992,1.0,456.0,32.0,40.0,456.0,32.0,40.0,2.0,2.0,0.0,7.0,6.0,27.0,25096.694528,64896.0,64320.0,502.0,502.0,client->server,0,benign
b_CHWHxA4aAnVVpolm5i,192.168.100.49,192.168.100.218,1,0,2023-07-05 19:44:27.641352960,http,0.680884,13.0,12.0,5.0,5.0,19.092823,17.624144,36.716967,0.923077,424.0,32.0,40.0,392.0,32.0,40.0,2.0,2.0,0.0,5.0,5.0,24.0,15869.07322,64896.0,64320.0,502.0,502.0,client->server,0,benign
b_CL989T31oPoCAvDhU9,192.168.100.31,192.168.100.218,1,0,2023-07-05 05:12:20.001888000,http,0.9704,12.0,11.0,5.0,5.0,12.366036,11.335533,23.70157,0.916667,392.0,32.0,40.0,360.0,32.0,40.0,2.0,2.0,0.0,5.0,5.0,22.0,10706.926562,64896.0,64320.0,502.0,502.0,client->server,0,benign
b_CsoZmi1QokTLBUwwYf,192.168.100.99,192.168.100.218,1,0,2023-07-20 17:36:21.975610880,ssl,0.26924,11.0,12.0,5.0,6.0,40.855721,44.569877,85.425598,1.090909,360.0,32.0,40.0,392.0,32.0,40.0,2.0,2.0,0.0,5.0,6.0,22.0,57665.992698,64896.0,64320.0,502.0,502.0,client->server,0,benign
b_CpcSEgSeb5yatng83,192.168.100.115,192.168.100.218,1,0,2023-07-21 17:57:51.049975040,http,1.305128,11.0,11.0,5.0,4.0,8.428291,8.428291,16.856583,1.0,360.0,32.0,40.0,360.0,32.0,40.0,2.0,2.0,0.0,5.0,4.0,21.0,8219.882799,64896.0,64320.0,502.0,502.0,client->server,0,benign
b_Cywe5l18L3tZjOVLal,192.168.100.104,192.168.100.218,1,0,2023-07-08 02:29:13.807670016,ssl,0.021819,9.0,8.0,3.0,4.0,412.486871,366.654996,779.141867,0.888889,296.0,32.0,40.0,264.0,32.0,40.0,2.0,2.0,0.0,3.0,4.0,16.0,615888.730285,64896.0,64320.0,502.0,502.0,client->server,0,benign
b_ChhVyw4FlVzMX9DWDl,192.168.100.104,23.206.22.237,1,0,2023-07-08 07:12:41.251808000,ssl,25.79839,7.0,8.0,2.0,3.0,0.271335,0.310097,0.581432,1.142857,232.0,32.0,40.0,264.0,32.0,40.0,2.0,2.0,0.0,2.0,3.0,14.0,30.777114,64896.0,65160.0,506.0,505.0,client->internet,0,benign
b_CxCQMBZ4AnmLRQM87,192.168.100.104,192.168.100.218,1,0,2023-07-08 02:48:53.683223040,http,0.145269,12.0,10.0,2.0,7.0,82.605421,68.837851,151.443271,0.833333,392.0,32.0,40.0,328.0,32.0,40.0,2.0,2.0,0.0,2.0,6.0,21.0,418231.244644,64896.0,64320.0,502.0,502.0,client->server,0,benign
b_C9g6xLesQlvDq4cNj,192.168.100.31,192.168.100.218,1,0,2023-07-06 01:06:14.853463808,http,0.348181,13.0,12.0,5.0,5.0,37.336901,34.464832,71.801733,0.923077,424.0,32.0,40.0,392.0,32.0,40.0,2.0,2.0,0.0,5.0,5.0,24.0,30024.612834,64896.0,64320.0,502.0,502.0,client->server,0,benign
b_C1z6GqY1qrrCueLnk,192.168.100.49,192.168.100.218,1,0,2023-07-20 10:35:23.774313984,http,0.501934,9.0,8.0,4.0,3.0,17.930642,15.938349,33.868991,0.888889,296.0,32.0,40.0,264.0,32.0,40.0,2.0,2.0,0.0,4.0,3.0,16.0,15229.092302,64896.0,64320.0,502.0,502.0,client->server,0,benign
b_CrQe7H1MJxdApPPM5l,192.168.100.99,192.168.100.218,1,0,2023-07-19 23:57:17.742935040,http,0.462451,9.0,9.0,4.0,3.0,19.461522,19.461522,38.923044,1.0,296.0,32.0,40.0,296.0,32.0,40.0,2.0,2.0,0.0,4.0,3.0,17.0,17956.497745,64896.0,64320.0,502.0,502.0,client->server,0,benign
b_COEKUhWrPig9kcpfc,192.168.100.31,192.168.100.218,1,0,2023-07-18 20:05:38.579407104,http,0.587996,14.0,13.0,6.0,6.0,23.809686,22.108994,45.918679,0.928571,456.0,32.0,40.0,424.0,32.0,40.0,2.0,2.0,0.0,6.0,6.0,26.0,19221.218995,64896.0,64320.0,502.0,502.0,client->server,0,benign
b_CCcV782IXX5AtZhwD4,192.168.100.104,192.168.100.218,1,0,2023-07-19 08:02:35.704307200,http,0.571147,13.0,12.0,5.0,5.0,22.761217,21.010354,43.771571,0.923077,424.0,32.0,40.0,392.0,32.0,40.0,2.0,2.0,0.0,5.0,5.0,24.0,18312.274494,64896.0,64320.0,502.0,502.0,client->server,0,benign
b_CJXthRpsKifEfAJVl,192.168.100.104,192.168.100.218,1,0,2023-07-20 08:51:46.730295040,http,0.327909,10.0,9.0,4.0,3.0,30.496266,27.44664,57.942906,0.9,328.0,32.0,40.0,296.0,32.0,40.0,2.0,2.0,0.0,4.0,3.0,18.0,28700.036314,64896.0,64320.0,502.0,502.0,client->server,0,benign
b_CABjy83dUtBklqS9Aj,192.168.100.104,192.168.100.218,1,0,2023-07-18 18:02:00.027892992,http,0.296327,10.0,10.0,5.0,4.0,33.746517,33.746517,67.493034,1.0,328.0,32.0,40.0,328.0,32.0,40.0,2.0,2.0,0.0,5.0,4.0,19.0,31205.404432,64896.0,64320.0,502.0,502.0,client->server,0,benign
b_CnevPg1gGH1Kr5gtph,192.168.100.23,192.168.100.218,1,0,2023-07-20 02:13:41.735714816,http,0.097349,7.0,6.0,2.0,2.0,71.906111,61.633809,133.53992,0.857143,232.0,32.0,40.0,200.0,32.0,40.0,2.0,2.0,0.0,2.0,2.0,12.0,17391.006564,64896.0,64320.0,503.0,502.0,client->server,0,benign
b_CcsUg9cS5NXqMYiE8,192.168.100.31,192.168.100.218,1,0,2023-07-20 15:01:48.047576832,ssl,0.11964,8.0,7.0,3.0,3.0,66.867206,58.508805,125.376011,0.875,264.0,32.0,40.0,232.0,32.0,40.0,2.0,2.0,0.0,3.0,3.0,14.0,19124.020892,64896.0,64320.0,502.0,502.0,client->server,0,benign
b_C7BRBB4ieWOYxYHUwf,192.168.100.31,192.168.100.218,1,0,2023-07-08 12:38:24.627265024,ssl,13.538964,10.0,9.0,4.0,4.0,0.738609,0.664748,1.403357,0.9,328.0,32.0,40.0,296.0,32.0,40.0,2.0,2.0,0.0,4.0,4.0,18.0,289.608569,64896.0,64320.0,502.0,502.0,client->server,0,benign
b_Cp827x3uZyTOnFdmr7,192.168.100.115,192.168.100.218,1,0,2023-07-18 14:53:33.094336000,http,0.244604,8.0,7.0,3.0,2.0,32.705942,28.617699,61.323641,0.875,264.0,32.0,40.0,232.0,32.0,40.0,2.0,2.0,0.0,3.0,2.0,14.0,20437.125353,64896.0,64320.0,503.0,502.0,client->server,0,benign
b_CjrlVt297ndYMX3mm2,192.168.100.115,192.168.100.218,1,0,2023-07-21 10:43:06.780201984,ssl,0.258114,11.0,10.0,5.0,5.0,42.616812,38.742556,81.359368,0.909091,360.0,32.0,40.0,328.0,32.0,40.0,2.0,2.0,0.0,5.0,5.0,20.0,18925.738692,64896.0,64320.0,502.0,502.0,client->server,0,benign
b_CJ3Ayk3cbERJ8ETCi6,192.168.100.115,192.168.100.218,1,0,2023-07-18 18:35:32.730417920,ssl,0.002553,8.0,7.0,3.0,3.0,3133.585357,2741.887187,5875.472544,0.875,264.0,32.0,40.0,232.0,32.0,40.0,2.0,2.0,0.0,3.0,3.0,14.0,1143758.655211,64896.0,64320.0,502.0,502.0,client->server,0,benign
b_Cb841L2xtIfvX3sIfi,192.168.100.49,192.168.100.218,1,0,2023-07-05 12:37:28.001432832,http,0.57427,9.0,9.0,4.0,3.0,15.67207,15.67207,31.344141,1.0,296.0,32.0,40.0,296.0,32.0,40.0,2.0,2.0,0.0,4.0,3.0,17.0,14616.817619,64896.0,64320.0,502.0,502.0,client->server,0,benign
b_CRAGta4tgrdFcWddmk,192.168.100.115,192.168.100.218,1,0,2023-07-20 23:24:28.090650112,ssl,0.064992999,10.0,9.0,4.0,4.0,153.862949,138.476654,292.339604,0.9,328.0,32.0,40.0,296.0,32.0,40.0,2.0,2.0,0.0,4.0,4.0,18.0,58067.877095,64896.0,64320.0,502.0,502.0,client->server,0,benign
b_Cc5nP4lnvuw2GPz3d,192.168.100.23,192.168.100.218,1,0,2023-07-20 08:12:37.509982976,http,0.48894,12.0,12.0,5.0,5.0,24.542889,24.542889,49.085777,1.0,392.0,32.0,40.0,392.0,32.0,40.0,2.0,2.0,0.0,5.0,5.0,23.0,24383.359895,64896.0,64320.0,502.0,502.0,client->server,0,benign
b_CxkCO1s7WhXKvhbX6,192.168.100.31,192.168.100.218,1,0,2023-07-20 04:26:32.117620992,http,0.590865,13.0,12.0,5.0,5.0,22.001637,20.309203,42.31084,0.923077,424.0,32.0,40.0,392.0,32.0,40.0,2.0,2.0,0.0,5.0,5.0,24.0,18195.35349,64896.0,64320.0,502.0,502.0,client->server,0,benign
b_CWXfxw1kN8BBr2Ua9,192.168.100.23,192.168.100.218,1,0,2023-07-05 08:16:08.671704064,http,0.572479,15.0,15.0,7.0,6.0,26.201834,26.201834,52.403668,1.0,488.0,32.0,40.0,488.0,32.0,40.0,2.0,2.0,0.0,7.0,6.0,29.0,22930.09836,64896.0,64320.0,502.0,502.0,client->server,0,benign
b_C1BPjf3VkBnehWdnWi,192.168.100.49,192.168.100.218,1,0,2023-07-21 17:43:32.193496064,http,0.548441,14.0,14.0,7.0,6.0,25.526906,25.526906,51.053811,1.0,456.0,32.0,40.0,456.0,32.0,40.0,2.0,2.0,0.0,7.0,6.0,27.0,23256.834469,64896.0,64320.0,502.0,502.0,client->server,0,benign
b_CmPPRW3NqxFDHOSTEb,192.168.100.49,192.168.100.218,1,0,2023-07-08 19:04:17.395930880,http,0.532613,9.0,9.0,4.0,3.0,16.897821,16.897821,33.795643,1.0,296.0,32.0,40.0,296.0,32.0,40.0,2.0,2.0,0.0,4.0,3.0,17.0,16924.106884,64896.0,64320.0,502.0,502.0,client->server,0,benign
b_Cx7xL1f2HoojlSJsg,192.168.100.115,192.168.100.218,1,0,2023-07-20 05:37:00.703126016,http,0.119752,10.0,9.0,5.0,5.0,83.505961,75.155365,158.661326,0.9,328.0,32.0,40.0,296.0,32.0,40.0,2.0,2.0,0.0,5.0,5.0,18.0,72023.891247,64896.0,64320.0,502.0,502.0,client->server,0,benign
b_Cf5SLJll7q3ptq5h8,192.168.100.23,192.168.100.218,1,0,2023-07-18 18:02:52.617382912,http,1.045844,14.0,14.0,7.0,6.0,13.386317,13.386317,26.772633,1.0,456.0,32.0,40.0,456.0,32.0,40.0,2.0,2.0,0.0,7.0,6.0,27.0,11724.501058,64896.0,64320.0,502.0,502.0,client->server,0,benign
b_Cgy6K1oHTzHBQ8JDa,192.168.100.115,192.168.100.218,1,0,2023-07-19 12:31:47.169203968,ssl,0.093455,10.0,9.0,4.0,5.0,107.003283,96.302955,203.306238,0.9,328.0,32.0,40.0,296.0,32.0,40.0,2.0,2.0,0.0,4.0,5.0,18.0,53341.136745,64896.0,64320.0,502.0,502.0,client->server,0,benign
b_Cjp32q3nueSmaDHhRa,192.168.100.115,192.168.100.218,1,0,2023-07-19 22:41:32.541205760,ssl,0.005359,8.0,7.0,3.0,3.0,1492.767684,1306.171723,2798.939407,0.875,264.0,32.0,40.0,232.0,32.0,40.0,2.0,2.0,0.0,3.0,3.0,14.0,569117.679509,64896.0,64320.0,502.0,502.0,client->server,0,benign
b_CBgkf73mvTRbgMkzU8,192.168.100.104,192.168.100.218,1,0,2023-07-20 09:39:43.537692160,ssl,0.027193,9.0,8.0,3.0,4.0,330.969585,294.195187,625.164771,0.888889,296.0,32.0,40.0,264.0,32.0,40.0,2.0,2.0,0.0,3.0,4.0,16.0,350680.662347,64896.0,64320.0,502.0,502.0,client->server,0,benign
b_CbYmMlk14wdCTB7ef,192.168.100.49,192.168.100.218,1,0,2023-07-08 13:41:05.501395968,ssl,0.010283,6.0,5.0,2.0,3.0,583.487688,486.23974,1069.727429,0.833333,200.0,32.0,40.0,168.0,32.0,40.0,0.0,2.0,1.0,2.0,3.0,10.0,266167.633851,64896.0,64320.0,502.0,502.0,client->server,0,benign
b_CijtzF4FOJhftMCbDl,192.168.100.104,192.168.100.218,1,0,2023-07-20 16:18:56.253870080,http,0.633192,14.0,13.0,6.0,5.0,22.110195,20.530895,42.64109,0.928571,456.0,32.0,40.0,424.0,32.0,40.0,2.0,2.0,0.0,6.0,5.0,26.0,20000.250718,64896.0,64320.0,502.0,502.0,client->server,0,benign
b_Ccca4qAHLMpHYH611,192.168.100.104,192.168.100.218,1,0,2023-07-07 21:47:55.600776960,http,1.219355,12.0,13.0,6.0,5.0,9.841268,10.661373,20.502641,1.083333,392.0,32.0,40.0,424.0,32.0,40.0,2.0,2.0,0.0,6.0,5.0,24.0,9974.124795,64896.0,64320.0,502.0,502.0,client->server,0,benign
b_CCivkO2eH3PdHVfyWb,192.168.100.49,192.168.100.218,1,0,2023-07-19 02:50:58.719603968,http,0.481916,11.0,11.0,5.0,4.0,22.825557,22.825557,45.651114,1.0,360.0,32.0,40.0,360.0,32.0,40.0,2.0,2.0,0.0,5.0,4.0,21.0,16953.163694,64896.0,64320.0,502.0,502.0,client->server,0,benign
b_CiKSbc4kM77ZHNiqw,192.168.100.115,192.168.100.218,1,0,2023-07-20 16:47:06.798288128,http,0.563606,12.0,11.0,5.0,4.0,21.291478,19.517188,40.808666,0.916667,392.0,32.0,40.0,360.0,32.0,40.0,2.0,2.0,0.0,5.0,4.0,22.0,17224.805444,64896.0,64320.0,502.0,502.0,client->server,0,benign
b_CRgWA93YdpyHs3NJyf,192.168.100.23,192.168.100.218,1,0,2023-07-20 16:48:31.613964032,ssl,0.09569,10.0,9.0,4.0,4.0,104.504115,94.053703,198.557818,0.9,328.0,32.0,40.0,296.0,32.0,40.0,2.0,2.0,0.0,4.0,4.0,18.0,38823.27866,64896.0,64320.0,502.0,502.0,client->server,0,benign
b_CxFh5b16wWkHQM9nV5,192.168.100.104,192.168.100.218,1,0,2023-07-08 14:35:50.849821184,http,0.605783,12.0,12.0,5.0,5.0,19.809074,19.809074,39.618148,1.0,392.0,32.0,40.0,392.0,32.0,40.0,2.0,2.0,0.0,5.0,5.0,23.0,18688.210576,64896.0,64320.0,502.0,502.0,client->server,0,benign
b_C857RP2bfsGIi9wT1d,192.168.100.104,192.168.100.218,1,0,2023-07-05 20:00:59.246289920,http,0.573206,13.0,13.0,6.0,5.0,22.679458,22.679458,45.358915,1.0,424.0,32.0,40.0,424.0,32.0,40.0,2.0,2.0,0.0,6.0,5.0,25.0,20099.233169,64896.0,64320.0,502.0,502.0,client->server,0,benign
b_Cs1RmT2ITZpnXS02Ra,192.168.100.115,163.181.56.192,1,0,2023-07-05 23:22:14.942276864,,0.0,0.0,1.0,0.0,0.0,0.0,0.0,0.0,0.0,0.0,0.0,0.0,20.0,20.0,20.0,0.0,0.0,1.0,0.0,0.0,0.0,0.0,0.0,0.0,0.0,0.0,client->internet,0,benign
b_C5yx1h4eO1tyF4tpi9,192.168.100.31,192.168.100.218,1,0,2023-07-05 22:27:46.763868928,http,0.458242,12.0,13.0,6.0,5.0,26.18704,28.369293,54.556333,1.083333,392.0,32.0,40.0,424.0,32.0,40.0,2.0,2.0,0.0,6.0,5.0,24.0,28812.290759,64896.0,64320.0,502.0,502.0,client->server,0,benign
b_C2CKi91vS2doGmgOoc,192.168.100.99,23.197.7.132,1,0,2023-07-08 14:43:36.940355072,ssl,0.076131,8.0,7.0,1.0,3.0,105.082213,91.946937,197.02915,0.875,264.0,32.0,40.0,232.0,32.0,40.0,2.0,2.0,0.0,1.0,3.0,14.0,87691.106941,64896.0,65160.0,502.0,506.0,client->internet,0,benign
b_CIRInmQ8y9v19h2Ja,192.168.100.99,192.168.100.218,1,0,2023-07-20 13:22:16.655062016,http,8.212844,11.0,10.0,2.0,7.0,1.339365,1.217605,2.55697,0.909091,360.0,32.0,40.0,328.0,32.0,40.0,2.0,2.0,0.0,2.0,6.0,20.0,4649.424655,64896.0,64320.0,502.0,502.0,client->server,0,benign
b_COSkfd1B0b6ACNUNtj,192.168.100.104,192.168.100.218,1,0,2023-07-05 05:50:25.721480960,http,0.57455,13.0,12.0,5.0,5.0,22.626407,20.885914,43.512321,0.923077,424.0,32.0,40.0,392.0,32.0,40.0,2.0,2.0,0.0,5.0,5.0,24.0,18464.888346,64896.0,64320.0,502.0,502.0,client->server,0,benign
b_CFjCFt4c4vav0Y4Qza,192.168.100.49,192.168.100.218,1,0,2023-07-08 07:27:33.403873024,http,0.102894,7.0,6.0,2.0,2.0,68.031133,58.3124,126.343533,0.857143,232.0,32.0,40.0,200.0,32.0,40.0,2.0,2.0,0.0,2.0,2.0,12.0,21002.182603,64896.0,64320.0,503.0,502.0,client->server,0,benign
b_CYoasn2UmUqG48OpJg,192.168.100.31,192.168.100.218,1,0,2023-07-20 03:34:19.062060032,ssl,0.008173,7.0,6.0,3.0,3.0,856.479813,734.125554,1590.605368,0.857143,232.0,32.0,40.0,200.0,32.0,40.0,0.0,2.0,1.0,3.0,3.0,12.0,413067.97853,64896.0,64320.0,502.0,502.0,client->server,0,benign
b_Cg09ee2M5YNHQ4U0cf,192.168.100.99,192.168.100.218,1,0,2023-07-08 13:54:54.661211136,http,0.450655,10.0,9.0,4.0,3.0,22.189924,19.970932,42.160856,0.9,328.0,32.0,40.0,296.0,32.0,40.0,2.0,2.0,0.0,4.0,3.0,18.0,12692.636738,64896.0,64320.0,502.0,502.0,client->server,0,benign
b_C5sQoD4MThcqBuRphg,192.168.100.99,192.168.100.218,1,0,2023-07-20 04:49:26.084596992,ssl,0.270588,9.0,9.0,4.0,4.0,33.260908,33.260908,66.521816,1.0,296.0,32.0,40.0,296.0,32.0,40.0,2.0,2.0,0.0,4.0,4.0,17.0,26423.943722,64896.0,64320.0,502.0,502.0,client->server,0,benign
b_CZOy0v4be2KOfZZLV4,192.168.100.99,192.168.100.218,1,0,2023-07-08 13:06:47.669491968,http,0.539347,11.0,13.0,6.0,5.0,20.395036,24.103224,44.49826,1.181818,360.0,32.0,40.0,424.0,32.0,40.0,2.0,2.0,0.0,6.0,5.0,23.0,21455.577633,64896.0,64320.0,502.0,502.0,client->server,0,benign
b_CZYKpa4bsKs096jOr2,192.168.100.23,192.168.100.218,1,0,2023-07-21 13:51:09.410588928,http,0.341358,9.0,9.0,4.0,3.0,26.365286,26.365286,52.730573,1.0,296.0,32.0,40.0,296.0,32.0,40.0,2.0,2.0,0.0,4.0,3.0,17.0,18947.852447,64896.0,64320.0,502.0,502.0,client->server,0,benign
b_C935VymuGKm10UEBk,192.168.100.99,192.168.100.218,1,0,2023-07-08 18:42:17.853081856,http,0.340664,7.0,6.0,2.0,2.0,20.548097,17.612655,38.160752,0.857143,220.0,20.0,40.0,200.0,32.0,40.0,2.0,2.0,1.0,2.0,2.0,11.0,9267.191794,64896.0,64320.0,0.0,502.0,client->server,0,benign
b_CQXS9c3aBkejdsy9ki,192.168.100.23,192.168.100.218,1,0,2023-07-19 13:14:54.906234112,http,0.570382,12.0,11.0,5.0,4.0,21.038537,19.285325,40.323862,0.916667,392.0,32.0,40.0,360.0,32.0,40.0,2.0,2.0,0.0,5.0,4.0,22.0,14260.621328,64896.0,64320.0,502.0,502.0,client->server,0,benign
b_CCJwMT19QsfQ95gHN5,192.168.100.49,192.168.100.218,1,0,2023-07-19 12:09:58.872236032,http,0.417294,9.0,8.0,3.0,3.0,21.567527,19.171135,40.738661,0.888889,296.0,32.0,40.0,264.0,32.0,40.0,2.0,2.0,0.0,3.0,3.0,16.0,13316.74949,64896.0,64320.0,502.0,502.0,client->server,0,benign
b_Cx88ug1yYWF8h2FTof,192.168.100.23,192.168.100.218,1,0,2023-07-21 13:39:02.313925120,http,0.122954,7.0,6.0,2.0,2.0,56.931911,48.798781,105.730692,0.857143,232.0,32.0,40.0,200.0,32.0,40.0,2.0,2.0,0.0,2.0,2.0,12.0,11402.648424,64896.0,64320.0,504.0,502.0,client->server,0,benign
b_CW8wNF29tWdW4Ya5vk,192.168.100.23,192.168.100.218,1,0,2023-07-20 08:15:44.056972032,ssl,0.023442,9.0,8.0,3.0,4.0,383.925796,341.267374,725.193169,0.888889,296.0,32.0,40.0,264.0,32.0,40.0,2.0,2.0,0.0,3.0,4.0,16.0,575547.426014,64896.0,64320.0,502.0,502.0,client->server,0,benign
b_C0c07A12LOjeGMZBwb,192.168.100.49,192.168.100.218,1,0,2023-07-20 01:45:33.925337088,ssl,16.329098,10.0,9.0,4.0,4.0,0.612404,0.551163,1.163567,0.9,328.0,32.0,40.0,296.0,32.0,40.0,2.0,2.0,0.0,4.0,4.0,18.0,266.885532,64896.0,64320.0,502.0,502.0,client->server,0,benign
b_CJlGGU3c1yUswSy1p7,192.168.100.104,192.168.100.218,1,0,2023-07-08 20:25:38.776174080,http,0.6306,9.0,9.0,4.0,3.0,14.272122,14.272122,28.544245,1.0,296.0,32.0,40.0,296.0,32.0,40.0,2.0,2.0,0.0,4.0,3.0,17.0,13393.593922,64896.0,64320.0,502.0,502.0,client->server,0,benign
b_CguxslLKufyW5ll94,192.168.100.115,192.168.100.218,1,0,2023-07-20 17:48:19.484147968,ssl,0.054732,8.0,7.0,3.0,3.0,146.166551,127.895732,274.062284,0.875,264.0,32.0,40.0,232.0,32.0,40.0,2.0,2.0,0.0,3.0,3.0,14.0,36961.866642,64896.0,64320.0,502.0,502.0,client->server,0,benign
b_C5OGGD2Fa1V9APROC6,192.168.100.115,192.168.100.218,1,0,2023-07-21 11:44:42.270190080,ssl,0.247607,8.0,7.0,3.0,3.0,32.309265,28.270607,60.579872,0.875,264.0,32.0,40.0,232.0,32.0,40.0,2.0,2.0,0.0,3.0,3.0,14.0,18246.657537,64896.0,64320.0,502.0,502.0,client->server,0,benign
b_CeTDKy833rJhKmsMi,192.168.100.23,192.168.100.189,1,0,2023-09-12 23:29:11.539604992,ftp-data,0.019518,4.0,4.0,0.0,2.0,204.937592,204.937592,409.875185,1.0,136.0,32.0,40.0,136.0,32.0,40.0,2.0,2.0,0.0,0.0,2.0,7.0,356386.473145,64896.0,64320.0,502.0,503.0,client->server,0,benign
b_Co9xnx1gOstxWMUPg5,192.168.100.49,192.168.100.218,1,0,2023-07-08 09:59:15.096792064,ssl,0.112246,13.0,12.0,4.0,7.0,115.817007,106.908006,222.725013,0.923077,424.0,32.0,40.0,392.0,32.0,40.0,2.0,2.0,0.0,4.0,7.0,24.0,357687.462661,64896.0,64320.0,758.0,502.0,client->server,0,benign
b_CeJcxW3Cyhqqqs42v2,192.168.100.99,192.168.100.218,1,0,2023-07-08 20:02:58.430084864,ssl,0.348113,11.0,10.0,4.0,5.0,31.598929,28.726299,60.325229,0.909091,360.0,32.0,40.0,328.0,32.0,40.0,2.0,2.0,0.0,4.0,5.0,20.0,39415.35546,64896.0,64320.0,502.0,502.0,client->server,0,benign
b_Cc4xoa1yBdVmCs1wva,192.168.100.99,192.168.100.218,1,0,2023-07-08 12:12:55.244146944,ssl,0.028363,11.0,10.0,3.0,6.0,387.829359,352.572144,740.401503,0.909091,360.0,32.0,40.0,328.0,32.0,40.0,2.0,2.0,0.0,3.0,6.0,20.0,735148.178039,64896.0,64320.0,527.0,502.0,client->server,0,benign
b_CEmARF2EAPsjkMKaD2,192.168.100.104,192.168.100.218,1,0,2023-07-20 15:20:42.814992896,http,0.596767,12.0,11.0,5.0,4.0,20.108344,18.432649,38.540993,0.916667,392.0,32.0,40.0,360.0,32.0,40.0,2.0,2.0,0.0,5.0,4.0,22.0,13631.781666,64896.0,64320.0,502.0,502.0,client->server,0,benign
b_CCdjkj1Wh5WEvSCYrg,192.168.100.104,192.168.100.218,1,0,2023-07-21 14:28:15.855343104,http,8.464522,10.0,10.0,4.0,4.0,1.181402,1.181402,2.362803,1.0,328.0,32.0,40.0,328.0,32.0,40.0,2.0,2.0,0.0,4.0,4.0,19.0,678.124539,64896.0,64320.0,502.0,502.0,client->server,0,benign
b_Cj3L4V3eMoVlYeJush,192.168.100.49,192.168.100.218,1,0,2023-07-21 01:38:15.267083008,http,0.650576,13.0,13.0,6.0,5.0,19.982289,19.982289,39.964578,1.0,424.0,32.0,40.0,424.0,32.0,40.0,2.0,2.0,0.0,6.0,5.0,25.0,19175.312033,64896.0,64320.0,502.0,502.0,client->server,0,benign
b_CrsUJW2nbwg6YHfg8a,192.168.100.31,192.168.100.218,1,0,2023-07-20 11:42:39.267385856,http,0.608894,10.0,9.0,4.0,3.0,16.423217,14.780895,31.204112,0.9,328.0,32.0,40.0,296.0,32.0,40.0,2.0,2.0,0.0,4.0,3.0,18.0,12773.978062,64896.0,64320.0,502.0,502.0,client->server,0,benign
b_Cy0ZE22G8ueiJbU4Qa,192.168.100.104,192.168.100.218,1,0,2023-07-07 22:41:35.448212992,http,0.487498,12.0,12.0,5.0,5.0,24.615495,24.615495,49.230991,1.0,392.0,32.0,40.0,392.0,32.0,40.0,2.0,2.0,0.0,5.0,5.0,23.0,20121.116174,64896.0,64320.0,502.0,502.0,client->server,0,benign
b_CEDwy81INxqioxmjMh,192.168.100.104,192.168.100.218,1,0,2023-07-21 08:03:25.651302144,http,0.412996,13.0,12.0,6.0,5.0,31.477317,29.055984,60.533301,0.923077,424.0,32.0,40.0,392.0,32.0,40.0,2.0,2.0,0.0,6.0,5.0,24.0,27547.494621,64896.0,64320.0,502.0,502.0,client->server,0,benign
b_CHn8Fd3fP4X1Da9tRi,192.168.100.23,192.168.100.218,1,0,2023-07-08 16:00:57.979127040,ssl,0.010235,8.0,5.0,3.0,2.0,781.62622,488.516388,1270.142608,0.625,252.0,20.0,40.0,168.0,32.0,40.0,1.0,2.0,1.0,3.0,2.0,11.0,186320.150201,64896.0,64320.0,0.0,502.0,client->server,0,benign
b_CmmjTv1zY8iSl2ziWa,192.168.100.104,192.168.100.218,1,0,2023-07-06 00:52:40.406672128,http,0.577505,12.0,13.0,6.0,5.0,20.779037,22.510623,43.28966,1.083333,392.0,32.0,40.0,424.0,32.0,40.0,2.0,2.0,0.0,6.0,5.0,24.0,21449.160794,64896.0,64320.0,502.0,502.0,client->server,0,benign
b_CI4fp296CRfu3J0zh,192.168.100.104,192.168.100.218,1,0,2023-07-06 02:11:20.461040128,ssl,0.096089,10.0,9.0,4.0,5.0,104.070308,93.663277,197.733585,0.9,328.0,32.0,40.0,296.0,32.0,40.0,2.0,2.0,0.0,4.0,5.0,18.0,50182.702575,64896.0,64320.0,502.0,502.0,client->server,0,benign
b_CO3KF6Wej2vK49el,192.168.100.23,192.168.100.218,1,0,2023-07-08 11:49:48.147042048,ssl,0.303005,12.0,11.0,5.0,6.0,39.603309,36.303034,75.906343,0.916667,392.0,32.0,40.0,360.0,32.0,40.0,2.0,2.0,0.0,5.0,6.0,22.0,59480.870561,64896.0,64320.0,502.0,502.0,client->server,0,benign
b_CvnplT30h20cShxRqe,192.168.100.49,192.168.100.218,1,0,2023-07-20 10:35:24.022768896,http,0.253524,10.0,9.0,5.0,4.0,39.443987,35.499589,74.943576,0.9,328.0,32.0,40.0,296.0,32.0,40.0,2.0,2.0,0.0,5.0,4.0,18.0,33649.665563,64896.0,64320.0,502.0,502.0,client->server,0,benign
b_CUrPom13Xu2K870qP5,192.168.100.23,192.168.100.218,1,0,2023-07-20 01:52:04.691365888,http,0.469092,11.0,11.0,5.0,4.0,23.449551,23.449551,46.899103,1.0,360.0,32.0,40.0,360.0,32.0,40.0,2.0,2.0,0.0,5.0,4.0,21.0,22767.382571,64896.0,64320.0,502.0,502.0,client->server,0,benign
b_COOc8d2vZO4S5Fmjck,192.168.100.99,192.168.100.218,1,0,2023-07-18 23:51:01.947761152,http,0.348567,8.0,7.0,3.0,2.0,22.951111,20.082222,43.033333,0.875,264.0,32.0,40.0,232.0,32.0,40.0,2.0,2.0,0.0,3.0,2.0,14.0,16851.853012,64896.0,64320.0,503.0,502.0,client->server,0,benign
b_CY4Qs22uWmfFoYjOZe,192.168.100.23,192.168.100.218,1,0,2023-07-21 04:20:41.056314880,http,0.597997,9.0,9.0,4.0,3.0,15.050244,15.050244,30.100488,1.0,296.0,32.0,40.0,296.0,32.0,40.0,2.0,2.0,0.0,4.0,3.0,17.0,13797.729232,64896.0,64320.0,502.0,502.0,client->server,0,benign
b_CBu5XN1379hoIPuJCk,192.168.100.23,192.168.100.218,1,0,2023-07-21 07:39:57.410202880,http,0.256606999,10.0,9.0,4.0,4.0,38.97009,35.073081,74.043171,0.9,328.0,32.0,40.0,296.0,32.0,40.0,2.0,2.0,0.0,4.0,4.0,18.0,33783.170839,64896.0,64320.0,502.0,502.0,client->server,0,benign
b_CcxIFb3ZWiEDkrrbca,192.168.100.115,192.168.100.218,1,0,2023-07-05 04:49:41.570223104,http,0.433511,10.0,10.0,4.0,4.0,23.067464,23.067464,46.134929,1.0,328.0,32.0,40.0,328.0,32.0,40.0,2.0,2.0,0.0,4.0,4.0,19.0,18606.2168,64896.0,64320.0,502.0,502.0,client->server,0,benign
b_CNr9GnyYWSHEwPYMb,192.168.100.104,192.168.100.218,1,0,2023-07-08 17:41:22.854469888,ssl,0.036902,9.0,8.0,3.0,4.0,243.889545,216.790707,460.680252,0.888889,296.0,32.0,40.0,264.0,32.0,40.0,2.0,2.0,0.0,3.0,4.0,16.0,261666.382974,64896.0,64320.0,502.0,502.0,client->server,0,benign
b_CltjbY2PtqLqbPBL77,192.168.100.49,192.168.100.218,1,0,2023-07-08 00:33:29.195779072,http,0.579373,13.0,12.0,5.0,5.0,22.438054,20.71205,43.150104,0.923077,424.0,32.0,40.0,392.0,32.0,40.0,2.0,2.0,0.0,5.0,5.0,24.0,18300.821999,64896.0,64320.0,502.0,502.0,client->server,0,benign
b_CoGiiG1TbRbqmnJs6,192.168.100.115,192.168.100.218,1,0,2023-07-20 14:13:50.339417856,http,0.415423,13.0,12.0,5.0,5.0,31.293393,28.886209,60.179602,0.923077,424.0,32.0,40.0,392.0,32.0,40.0,2.0,2.0,0.0,5.0,5.0,24.0,25942.222706,64896.0,64320.0,502.0,502.0,client->server,0,benign
b_CM2fkA32LvZmTNemgj,192.168.100.49,192.168.100.218,1,0,2023-07-05 10:43:33.615175936,http,0.307993,10.0,9.0,4.0,4.0,32.468277,29.221449,61.689727,0.9,328.0,32.0,40.0,296.0,32.0,40.0,2.0,2.0,0.0,4.0,4.0,18.0,26880.486707,64896.0,64320.0,502.0,502.0,client->server,0,benign
b_CeHqxJY060m2mJwKb,192.168.100.99,192.168.100.218,1,0,2023-07-19 02:10:15.781691904,http,0.576575,13.0,12.0,5.0,5.0,22.546935,20.812555,43.35949,0.923077,424.0,32.0,40.0,392.0,32.0,40.0,2.0,2.0,0.0,5.0,5.0,24.0,18028.876146,64896.0,64320.0,502.0,502.0,client->server,0,benign
b_CDr33D3AOzg5X4CjC9,192.168.100.104,192.168.100.218,1,0,2023-07-05 07:23:32.460428032,ssl,0.00514,8.0,7.0,3.0,3.0,1556.400204,1361.850179,2918.250383,0.875,264.0,32.0,40.0,232.0,32.0,40.0,2.0,2.0,0.0,3.0,3.0,14.0,562833.223804,64896.0,64320.0,502.0,502.0,client->server,0,benign
b_CuyvaM2uVe5qmkHMJ3,192.168.100.23,192.168.100.218,1,0,2023-07-05 20:11:07.345041920,ssl,0.327019,10.0,11.0,5.0,5.0,30.579265,33.637192,64.216457,1.1,328.0,32.0,40.0,360.0,32.0,40.0,2.0,2.0,0.0,5.0,5.0,20.0,28178.792885,64896.0,64320.0,502.0,502.0,client->server,0,benign
b_CWYK5M2BVh0uuoHF78,192.168.100.104,192.168.100.218,1,0,2023-07-18 18:01:59.785496832,http,0.538635,13.0,14.0,7.0,6.0,24.135082,25.991626,50.126708,1.076923,424.0,32.0,40.0,456.0,32.0,40.0,2.0,2.0,0.0,7.0,6.0,26.0,26199.559246,64896.0,64320.0,502.0,502.0,client->server,0,benign
b_CfgNFv2ZEK7EdIdMu8,192.168.100.23,192.168.100.218,1,0,2023-07-21 19:04:39.398732800,http,0.268204,8.0,7.0,3.0,2.0,29.828018,26.099516,55.927533,0.875,264.0,32.0,40.0,232.0,32.0,40.0,2.0,2.0,0.0,3.0,2.0,14.0,19175.686907,64896.0,64320.0,504.0,502.0,client->server,0,benign
b_CfuKgMGf649Tk9xv7,192.168.100.99,192.168.100.218,1,0,2023-07-08 18:42:17.852275968,http,0.341482,10.0,9.0,4.0,3.0,29.284127,26.355714,55.639841,0.9,328.0,32.0,40.0,296.0,32.0,40.0,2.0,2.0,0.0,4.0,3.0,18.0,26847.687547,64896.0,64320.0,502.0,502.0,client->server,0,benign
b_Cj8DlT2BxPV1dlZwhi,192.168.100.115,192.168.100.218,1,0,2023-07-20 02:18:09.228367104,http,0.085474,7.0,6.0,2.0,2.0,81.896235,70.196773,152.093009,0.857143,232.0,32.0,40.0,200.0,32.0,40.0,2.0,2.0,0.0,2.0,2.0,12.0,20637.851338,64896.0,64320.0,503.0,502.0,client->server,0,benign
b_CbvyXc4x4liJN6PvZ1,192.168.100.23,192.168.100.218,1,0,2023-07-20 08:56:02.255290112,http,0.599484,13.0,12.0,5.0,5.0,21.685317,20.017216,41.702533,0.923077,424.0,32.0,40.0,392.0,32.0,40.0,2.0,2.0,0.0,5.0,5.0,24.0,17656.852536,64896.0,64320.0,502.0,502.0,client->server,0,benign
b_Ci7Kyl2ZW2ILXXRqdf,192.168.100.49,23.197.7.132,1,0,2023-07-08 16:39:47.445393152,ssl,0.146603,8.0,7.0,1.0,3.0,54.569191,47.748042,102.317234,0.875,264.0,32.0,40.0,232.0,32.0,40.0,2.0,2.0,0.0,1.0,3.0,14.0,45537.990109,64896.0,65160.0,502.0,506.0,client->internet,0,benign
b_CFoR1uxuRhOQKmHP1,192.168.100.115,192.168.100.218,1,0,2023-07-05 06:33:35.765714944,http,0.308554,10.0,9.0,4.0,3.0,32.40922,29.168298,61.577518,0.9,328.0,32.0,40.0,296.0,32.0,40.0,2.0,2.0,0.0,4.0,3.0,18.0,9453.769418,64896.0,64320.0,502.0,502.0,client->server,0,benign
b_Cm6fp81zu1Yd7JBodi,192.168.100.23,192.168.100.218,1,0,2023-07-21 20:32:11.891796224,ssl,0.344799,10.0,11.0,5.0,5.0,29.002421,31.902663,60.905084,1.1,328.0,32.0,40.0,360.0,32.0,40.0,2.0,2.0,0.0,5.0,5.0,20.0,25817.955034,64896.0,64320.0,502.0,502.0,client->server,0,benign
b_CpkxGH1NBReRE25qZd,192.168.100.49,192.168.100.218,1,0,2023-07-18 18:19:27.058360064,http,0.369054,10.0,10.0,5.0,4.0,27.096317,27.096317,54.192635,1.0,328.0,32.0,40.0,328.0,32.0,40.0,2.0,2.0,0.0,5.0,4.0,19.0,25177.898119,64896.0,64320.0,502.0,502.0,client->server,0,benign
b_CxXeX93ViT6bqKRtvi,192.168.100.104,192.168.100.218,1,0,2023-07-19 02:56:44.926534912,http,0.442584,10.0,11.0,5.0,4.0,22.594579,24.854037,47.448616,1.1,328.0,32.0,40.0,360.0,32.0,40.0,2.0,2.0,0.0,5.0,4.0,20.0,18848.397791,64896.0,64320.0,502.0,502.0,client->server,0,benign
b_CETDEoe3YVEQJaVBk,192.168.100.99,184.28.181.164,1,0,2023-07-20 13:17:07.047454976,ssl,10.256998999,10.0,9.0,2.0,4.0,0.974944,0.87745,1.852394,0.9,328.0,32.0,40.0,296.0,32.0,40.0,2.0,2.0,0.0,2.0,4.0,18.0,126.255252,64896.0,65160.0,503.0,505.0,client->internet,0,benign
b_CnA1jD1FKl1TMiHnZc,192.168.100.104,192.168.100.218,1,0,2023-07-05 20:00:59.387463936,http,0.431972,10.0,9.0,4.0,3.0,23.149647,20.834682,43.98433,0.9,328.0,32.0,40.0,296.0,32.0,40.0,2.0,2.0,0.0,4.0,3.0,18.0,13079.55064,64896.0,64320.0,502.0,502.0,client->server,0,benign
b_Cbh0UC1cX7kEeUNoHh,192.168.100.49,192.168.100.218,1,0,2023-07-21 22:08:50.529148160,http,0.573009,10.0,9.0,4.0,3.0,17.451732,15.706559,33.158292,0.9,328.0,32.0,40.0,296.0,32.0,40.0,2.0,2.0,0.0,4.0,3.0,18.0,12895.0851,64896.0,64320.0,502.0,502.0,client->server,0,benign
b_ClMjRp3yzpm0xi9pvb,192.168.100.49,192.168.100.218,1,0,2023-07-19 02:50:58.422075136,http,0.779904,14.0,13.0,6.0,6.0,17.95093,16.668721,34.61965,0.928571,456.0,32.0,40.0,424.0,32.0,40.0,2.0,2.0,0.0,6.0,6.0,26.0,13956.847963,64896.0,64320.0,502.0,502.0,client->server,0,benign
b_CSLI7L3ScxAlchnn61,192.168.100.49,192.168.100.218,1,0,2023-07-18 23:50:11.385787136,http,0.076655,10.0,9.0,5.0,5.0,130.454786,117.409307,247.864093,0.9,328.0,32.0,40.0,296.0,32.0,40.0,2.0,2.0,0.0,5.0,5.0,18.0,122888.408219,64896.0,64320.0,502.0,502.0,client->server,0,benign
b_C3u8zegEAa5yIMjl2,192.168.100.99,192.168.100.218,1,0,2023-07-19 01:03:08.508162048,http,0.119345,8.0,7.0,3.0,2.0,67.032581,58.653508,125.686089,0.875,264.0,32.0,40.0,232.0,32.0,40.0,2.0,2.0,0.0,3.0,2.0,14.0,40554.711458,64896.0,64320.0,502.0,502.0,client->server,0,benign
b_CpF9bn6bGj0SyOjzf,192.168.100.23,192.168.100.218,1,0,2023-07-19 05:42:45.571873792,http,0.526408,10.0,9.0,4.0,3.0,18.996665,17.096998,36.093663,0.9,328.0,32.0,40.0,296.0,32.0,40.0,2.0,2.0,0.0,4.0,3.0,18.0,15638.054404,64896.0,64320.0,502.0,502.0,client->server,0,benign
b_CdOQpc1oqxrR5ndRJ2,192.168.100.104,192.168.100.218,1,0,2023-07-08 08:00:25.605326848,http,0.354256,9.0,10.0,4.0,4.0,25.405346,28.228162,53.633507,1.111111,296.0,32.0,40.0,328.0,32.0,40.0,2.0,2.0,0.0,4.0,4.0,18.0,27403.899452,64896.0,64320.0,502.0,502.0,client->server,0,benign
b_CQ4Af5sRJ6GtK5L4,192.168.100.23,192.168.100.218,1,0,2023-07-21 18:04:17.076163072,ssl,15.06709,10.0,9.0,3.0,5.0,0.663698,0.597328,1.261027,0.9,328.0,32.0,40.0,296.0,32.0,40.0,2.0,2.0,0.0,3.0,5.0,18.0,1078.443147,64896.0,64320.0,502.0,502.0,client->server,0,benign
b_CKgOi9PtNJAGdMzyc,192.168.100.115,192.168.100.218,1,0,2023-07-19 07:06:20.062971136,http,0.688624,14.0,13.0,6.0,5.0,20.330401,18.878229,39.20863,0.928571,456.0,32.0,40.0,424.0,32.0,40.0,2.0,2.0,0.0,6.0,5.0,26.0,17478.336011,64896.0,64320.0,502.0,502.0,client->server,0,benign
b_CBbg7ClMwhsUnVIH3,192.168.100.99,192.168.100.218,1,0,2023-07-21 01:30:39.690818048,http,0.568948,12.0,11.0,5.0,4.0,21.091557,19.333928,40.425485,0.916667,392.0,32.0,40.0,360.0,32.0,40.0,2.0,2.0,0.0,5.0,4.0,22.0,17962.976322,64896.0,64320.0,502.0,502.0,client->server,0,benign
b_CVTiKH2EY8TqPC0Zoc,192.168.100.23,23.197.7.132,1,0,2023-07-05 05:01:25.239250944,ssl,10.447433,7.0,8.0,2.0,3.0,0.670021,0.765738,1.435759,1.142857,232.0,32.0,40.0,264.0,32.0,40.0,2.0,2.0,0.0,2.0,3.0,14.0,75.808096,64896.0,65160.0,506.0,506.0,client->internet,0,benign
b_CkTw2g2WpX3Tzv6d9b,192.168.100.115,192.168.100.189,1,0,2023-09-12 22:06:03.368113920,ftp-data,0.025189,4.0,3.0,0.0,1.0,158.799962,119.099972,277.899934,0.75,136.0,32.0,40.0,104.0,32.0,40.0,2.0,2.0,0.0,0.0,1.0,6.0,88530.978893,64896.0,64320.0,502.0,503.0,client->server,0,benign
